Unnamed: 0,Unnamed: 1,Unnamed: 2,Unnamed: 3,Unnamed: 4,Unnamed: 5,Unnamed: 6,Unnamed: 7,Unnamed: 8,Unnamed: 9,Unnamed: 10,Unnamed: 11,Unnamed: 12,Unnamed: 13,Unnamed: 14,Unnamed: 15,Unnamed: 16,Unnamed: 17,Unnamed: 18,Unnamed: 19,Unnamed: 20,Unnamed: 21,Unnamed: 22,Unnamed: 23,Unnamed: 24,Unnamed: 25,Unnamed: 26,Unnamed: 27,Unnamed: 28,Unnamed: 29,Unnamed: 30,Unnamed: 32,Unnamed: 33,Unnamed: 34
Sin dato,0,0,Datos erroneos no confiables de Sale-U,0,0,0,-,Sin datos,0,0,0,0,0,0,0,0,0,0,0,0,0,0,0,0,0,0,0,0,0,0,Sin dato,Sin dato,Sin dato
Sin dato,0,0,0,0,0,0,0,0,0,0,0,0,0,0,0,0,0,0,0,0,0,0,0,0,0,0,0,0,0,0,Sin dato,Sin dato,Sin dato
Ventas X Mes ,Ventas Reportadas,12,7,8,13,6,21,17,17,23,22,32,26,20,30,30,34,40,36,27,38,40,34,34,38,30,41,41,35,37,Sin dato,Sin dato,Sin dato
Piso,0,0,0,0,0,0,0,0,0,0,0,0,0,0,0,0,0,0,0,0,0,0,0,0,0,0,0,0,0,0,Conversion,Sin dato,Sin dato
Piso ,"Febrero, 24","Marzo, 24","Abril, 24","Mayo, 24","Junio, 24","Julio, 24","Agosto, 24","Septiembre, 24","Octubre, 24","Noviembre, 24","Diciembre, 24","Enero, 25","Febrero, 25","Marzo, 25","Abril, 25","Mayo, 25","Junio, 25","Julio, 25","Agosto, 25","Septiembre, 25","Octubre, 25","Noviembre, 25","Diciembre, 25","Enero, 26","Febrero, 26","Marzo, 26","Abril, 26","Mayo, 26","Junio, 26","Julio,26",Historica,Año actual ,Ultimos 3 meses 
Leads ,71.5,71.5,76.0,87.0,55.0,92.0,77.0,57.0,43.0,50.0,64.0,71.0,64.0,80.0,43.0,65.0,59.0,63.0,71.0,58.0,72.0,81.0,76.0,97.0,94.0,105.0,79.0,115.0,85.0,36.0,0.12514482234473656,0.08901848605066053,0.10719889496800372
Efectivos ,0.0,0.0,0.0,0.0,0.0,0.0,0.0,0.0,0.0,0.0,0.0,71.0,64.0,80.0,43.0,65.0,59.0,63.0,71.0,58.0,72.0,81.0,76.0,97.0,94.0,105.0,79.0,115.0,84.0,36.0,Sin dato,Sin dato,Sin dato
SDC ,0.0,0.0,0.0,0.0,0.0,22.0,32.0,28.0,38.0,32.0,42.0,34.0,23.0,28.0,13.0,16.0,13.0,12.0,22.0,21.0,24.0,21.0,27.0,27.0,18.0,24.0,18.0,24.0,22.0,7.0,Aporte,Sin dato,Sin dato
PDM ,22.0,13.0,35.0,40.0,28.0,35.0,31.0,28.0,14.0,25.0,32.0,28.0,33.0,32.0,28.0,34.0,31.0,29.0,44.0,31.0,48.0,43.0,22.0,46.0,28.0,41.0,36.0,45.0,42.0,16.0,Historica,Año actual ,Ultimos 3 meses 
Citas Programadas ,9.0,28.0,15.0,38.0,78.0,75.0,65.0,37.0,31.0,18.0,42.0,71.0,64.0,80.0,34.0,65.0,59.0,63.0,71.0,58.0,72.0,81.0,76.0,97.0,94.0,105.0,12.0,73.0,28.0,11.0,0.29422172988141276,0.23010964762456118,0.24083745950241459
Citas Efectivas ,4.0,16.0,6.0,16.0,60.0,57.0,46.0,19.0,25.0,14.0,36.0,71.0,64.0,80.0,34.0,65.0,59.0,63.0,71.0,58.0,72.0,81.0,76.0,97.0,94.0,105.0,10.0,59.0,25.0,8.0,Sin dato,Sin dato,Sin dato
Ventas ,9.0,4.0,10.0,9.0,3.0,10.0,9.0,6.0,3.0,11.0,8.0,10.0,11.0,9.0,13.0,12.0,10.0,7.0,7.0,7.0,11.0,9.0,9.0,6.0,7.0,8.0,9.0,9.0,11.0,9.0,Cota (Ventas) Ultimos 6ms,Sin dato,Sin dato
Conversion ,0.0273556231003039,0.2105263157894736,0.131578947368421,0.0114942528735632,0.0545454545454545,0.108695652173913,0.1168831168831168,0.1052631578947368,0.0697674418604651,0.22,0.125,0.1408450704225352,0.171875,0.1125,0.1,0.1846153846153846,0.1694915254237288,0.1111111111111111,0.0985915492957746,0.1206896551724138,0.1527777777777778,0.1111111111111111,0.1184210526315789,0.0618556701030927,0.0744680851063829,0.0761904761904762,0.1139240506329113,0.0782608695652174,0.1294117647058823,0.0555555555555555,Minima ,Optima ,Maxima 
Aporte ,0.0,0.3333333333333333,0.3,0.125,0.2307692307692307,0.3,0.4285714285714285,0.3529411764705882,0.1764705882352941,0.4782608695652174,0.3636363636363636,0.3125,0.4230769230769231,0.45,0.4333333333333333,0.4,0.2941176470588235,0.175,0.1944444444444444,0.2592592592592592,0.2894736842105263,0.225,0.2647058823529412,0.1764705882352941,0.1842105263157894,0.2666666666666666,0.2195121951219512,0.2195121951219512,0.3142857142857143,0.054054054054054,6.953454795302871,8.6,10.08452340487516
Sin dato,0,0,0,0,0,0,0,0,0,0,0,0,Promedio  conversion Historico ,0.12699773584118756,Promedio Aporte Historico,0.3032215036454688,0,0,0,0,0,0,0,0,0,0,0,0,0,0,Sin dato,Sin dato,Sin dato
Sin dato,36.55555555555556,4.75,7.6,87,18.333333333333332,9.2,8.555555555555555,9.5,14.333333333333334,4.545454545454546,8,7.1,5.818181818181818,8.88888888888889,3.3076923076923075,5.416666666666667,5.9,9,10.142857142857142,8.285714285714286,6.545454545454546,9,8.444444444444445,16.166666666666668,13.428571428571429,13.125,8.777777777777779,12.777777777777779,7.7272727272727275,18,"* Suma de todas las Plazas Angelopolis + Plaza Tlax y Pachuca,",Sin dato,Sin dato
Plazas,0,0,0,0,0,0,0,0,0,0,0,0,0,0,0,0,0,0,0,0,0,0,0,0,0,0,0,0,0,0,Conversion,Sin dato,Sin dato
Plazas ,"Febrero, 24","Marzo, 24","Abril, 24","Mayo, 24","Junio, 24","Julio, 24","Agosto, 24","Septiembre, 24","Octubre, 24","Noviembre, 24","Diciembre, 24","Enero, 25","Febrero, 25","Marzo, 25","Abril, 25","Mayo, 25","Junio, 25","Julio, 25","Agosto, 25","Septiembre, 25","Octubre, 25","Noviembre, 25","Diciembre, 25","Enero, 26","Febrero, 26","Marzo, 26","Abril, 26","Mayo, 26","Junio, 26","Julio,26",Historica,Año actual ,Ultimos 3 meses 
Leads ,0.0,0.0,25.0,28.0,68.0,294.0,248.0,52.0,59.0,154.0,280.0,172.0,184.0,275.0,301.0,275.0,355.0,492.0,397.0,312.0,324.0,274.0,325.0,290.0,433.0,401.0,351.0,352.0,403.0,145.0,0.022809647402899546,0.019441017761450814,0.019441017761450814
Efectivos ,0.0,0.0,0.0,0.0,0.0,0.0,0.0,0.0,0.0,0.0,0.0,0.0,0.0,0.0,0.0,0.0,0.0,0.0,281.0,218.0,226.0,209.0,291.0,261.0,387.0,364.0,351.0,347.0,403.0,145.0,Sin dato,Sin dato,Sin dato
SDC ,0.0,0.0,0.0,0.0,0.0,0.0,0.0,0.0,0.0,0.0,26.0,22.0,16.0,27.0,19.0,23.0,35.0,36.0,25.0,44.0,38.0,31.0,34.0,23.0,25.0,26.0,12.0,18.0,16.0,3.0,Aporte,Sin dato,Sin dato
PDM ,0.0,0.0,1.0,11.0,5.0,6.0,17.0,8.0,5.0,19.0,14.0,22.0,28.0,20.0,23.0,23.0,44.0,37.0,30.0,41.0,43.0,33.0,18.0,15.0,39.0,35.0,30.0,31.0,41.0,12.0,Historica,Año actual ,Ultimos 3 meses 
Citas Programadas ,0.0,0.0,1.0,3.0,2.0,30.0,50.0,13.0,13.0,20.0,40.0,53.0,48.0,35.0,52.0,29.0,90.0,77.0,67.0,74.0,77.0,60.0,46.0,23.0,105.0,70.0,41.0,68.0,100.0,26.0,0.21568967619395943,0.19914605979319414,0.19914605979319414
Sin dato,0,0,0,0,0,0,0,0,0,0,0,0,0,0,0,0,0,0,0,0,0,0,0.14153846153846153,0.07931034482758621,0.24249422632794457,0.1745635910224439,0.1168091168091168,0.19318181818181818,0.24813895781637718,0.1793103448275862,Sin dato,Sin dato,Sin dato
Citas Efectivas ,0.0,0.0,0.0,2.0,2.0,8.0,18.0,4.0,6.0,10.0,19.0,35.0,36.0,28.0,25.0,27.0,61.0,51.0,44.0,52.0,48.0,32.0,41.0,19.0,82.0,55.0,31.0,49.0,59.0,15.0,Sin dato,Sin dato,Sin dato
Sin dato,0,0,0,0,0,0,0,0,0,0,0,0,0,0,0,0,0,0,0,0,0,0,0,0.06551724137931035,0.18937644341801385,0.1371571072319202,0.08831908831908832,0.13920454545454544,0.14640198511166252,0,Sin dato,Sin dato,Sin dato
Ventas ,0.0,0.0,0.0,0.0,0.0,2.0,3.0,0.0,2.0,3.0,7.0,4.0,1.0,3.0,8.0,5.0,13.0,14.0,6.0,15.0,12.0,11.0,9.0,6.0,6.0,7.0,7.0,7.0,10.0,1.0,Cota (Ventas) Ultimos 6ms,Sin dato,Sin dato
Conversion ,0.0,0.0,0.0,0.0,0.0,0.0068027210884353,0.0120967741935483,0.0,0.0338983050847457,0.0194805194805194,0.025,0.0232558139534883,0.0054347826086956,0.0109090909090909,0.0265780730897009,0.0181818181818181,0.0366197183098591,0.0284552845528455,0.0151133501259445,0.048076923076923,0.037037037037037,0.0401459854014598,0.0276923076923076,0.0206896551724137,0.0138568129330254,0.0174563591022443,0.0199430199430199,0.0198863636363636,0.0248138957816377,0.0068965517241379,Minima ,Optima ,Maxima 
Aporte ,0.0,0.0,0.0,0.0,0.0,0.3333333333333333,0.1428571428571428,0.0,0.1176470588235294,0.1304347826086956,0.3181818181818182,0.125,0.0384615384615384,0.15,0.2666666666666666,0.1666666666666666,0.3823529411764705,0.35,0.1666666666666666,0.5555555555555556,0.3157894736842105,0.275,0.2647058823529412,0.1764705882352941,0.1578947368421052,0.2333333333333333,0.1707317073170731,0.1707317073170731,0.2857142857142857,0.027027027027027,5.694706522278693,7.166666666666667,8.63862681105464
Sin dato,0,0,0,0,0,0,0,0,0,0,0,0,Promedio  conversion Historico ,0.02116192834509233,Promedio Aporte Historico,0.21989772239832012,0,0,0,0,0,0,0,0,0,0,0,0,0,0,Sin dato,Sin dato,Sin dato
Sin dato,0,0,0,0,0,147,82.66666666666667,0,29.5,51.333333333333336,40,43,184,91.66666666666667,37.625,55,27.307692307692307,35.142857142857146,66.16666666666667,20.8,27,24.90909090909091,36.111111111111114,48.333333333333336,72.16666666666667,57.285714285714285,50.142857142857146,50.285714285714285,40.3,145,        * Suma de todos los canales digitales ,Sin dato,Sin dato
Digital ,0,0,0,0,0,0,0,0,0,0,0,0,0,0,0,0,0,0,0,0,0,0,0,0,0,0,0,0,0,0,Conversion,Sin dato,Sin dato
Digital ,"Febrero, 24","Marzo, 24","Abril, 24","Mayo, 24","Junio, 24","Julio, 24","Agosto, 24","Septiembre, 24","Octubre, 24","Noviembre, 24","Diciembre, 24","Enero, 25","Febrero, 25","Marzo, 25","Abril, 25","Mayo, 25","Junio, 25","Julio, 25","Agosto, 25","Septiembre, 25","Octubre, 25","Noviembre, 25","Diciembre, 25","Enero, 26","Febrero, 26","Marzo, 26","Abril, 26","Mayo, 26","Junio, 26","Julio,26",Historica,Año actual ,Ultimos 3 meses 
Leads ,0.0,0.0,25.0,28.0,68.0,294.0,248.0,52.0,59.0,154.0,280.0,172.0,184.0,275.0,301.0,275.0,355.0,492.0,397.0,312.0,324.0,274.0,325.0,290.0,433.0,401.0,351.0,352.0,403.0,145.0,0.013748365949726664,0.011774731869024196,0.010814622760818515
Efectivos ,0.0,0.0,0.0,0.0,0.0,0.0,0.0,0.0,0.0,0.0,0.0,0.0,0.0,0.0,0.0,0.0,0.0,0.0,281.0,218.0,226.0,209.0,291.0,261.0,387.0,364.0,351.0,347.0,403.0,145.0,Sin dato,Sin dato,Sin dato
SDC ,0.0,0.0,0.0,0.0,0.0,0.0,0.0,0.0,0.0,0.0,26.0,22.0,16.0,27.0,19.0,23.0,35.0,36.0,25.0,44.0,38.0,31.0,34.0,23.0,25.0,26.0,12.0,18.0,16.0,3.0,Aporte,Sin dato,Sin dato
PDM ,0.0,0.0,1.0,11.0,5.0,6.0,17.0,8.0,5.0,19.0,14.0,22.0,28.0,20.0,23.0,23.0,44.0,37.0,30.0,41.0,43.0,33.0,18.0,15.0,39.0,35.0,30.0,31.0,41.0,12.0,Historica,Año actual ,Ultimos 3 meses 
Citas Programadas,0.0,0.0,1.0,3.0,2.0,30.0,50.0,13.0,13.0,20.0,40.0,53.0,48.0,35.0,52.0,29.0,90.0,77.0,67.0,74.0,77.0,60.0,46.0,23.0,105.0,70.0,41.0,68.0,100.0,26.0,0.26910184417424915,0.24997944406688646,0.20487804878048785
Citas Efectivas ,0.0,0.0,0.0,2.0,2.0,8.0,18.0,4.0,6.0,10.0,19.0,35.0,36.0,28.0,25.0,27.0,61.0,51.0,44.0,52.0,48.0,32.0,41.0,19.0,82.0,55.0,31.0,49.0,59.0,15.0,Sin dato,Sin dato,Sin dato
Ventas ,0.0,0.0,0.0,0.0,0.0,2.0,3.0,0.0,2.0,3.0,7.0,4.0,1.0,3.0,8.0,5.0,13.0,14.0,6.0,15.0,12.0,11.0,9.0,6.0,6.0,7.0,7.0,7.0,10.0,1.0,Cota (Ventas) Ultimo Semestre,Sin dato,Sin dato
Conversion ,0.0,0.0,0.0,0.0,0.0,0.0068027210884353,0.0120967741935483,0.0,0.0338983050847457,0.0194805194805194,0.025,0.0232558139534883,0.0054347826086956,0.0109090909090909,0.0265780730897009,0.0181818181818181,0.0366197183098591,0.0284552845528455,0.0151133501259445,0.048076923076923,0.037037037037037,0.0401459854014598,0.0276923076923076,0.0206896551724137,0.0138568129330254,0.0174563591022443,0.0199430199430199,0.0198863636363636,0.0248138957816377,0.0068965517241379,Minima ,Optima ,Maxima 
Aporte ,0.0,0.0,0.0,0.0,0.0,0.3333333333333333,0.1428571428571428,0.0,0.1176470588235294,0.1304347826086956,0.3181818181818182,0.125,0.0384615384615384,0.15,0.2666666666666666,0.1666666666666666,0.3823529411764705,0.35,0.1666666666666666,0.5555555555555556,0.3157894736842105,0.275,0.2647058823529412,0.1764705882352941,0.1578947368421052,0.2333333333333333,0.1707317073170731,0.1707317073170731,0.2857142857142857,0.027027027027027,6.3923190379189405,9,11.607680962081059
Sin dato,0,0,0,0,0,0,0,0,0,0,0,0,Promedio  conversion Historico ,0.013950330721730426,Promedio Aporte Historico,0.28323231055959996,0,0,0,0,0,0,0,0,0,0,0,0,0,0,Sin dato,Sin dato,Sin dato
Sin dato,0,0,0,0,0,0,0,0,0,0,0,0,0,0,0,0,0,0,0,0,0,0,0,0,0,0,0,0,0,0,Sin dato,Sin dato,Sin dato
Digital ,0,0,0,0,0,0,0,0,0,0,0,0,0,0,0,0,0,0,0,0,0,0,0,0,0,0,0,0,0,0,Sin dato,Sin dato,Sin dato
Canal ,Febrero,Marzo,Abril,Mayo,Junio,Julio ,Agosto,Septiembre,Octubre,Noviembre,Diciembre,Enero,Febrero,Marzo,Abril ,Mayo,Junio ,Julio,Agosto,Septiembre,Octubre,Noviembre ,Diciembre,Enero ,0,0,0,0,0,0,Sin dato,Sin dato,Sin dato
Leads ,-,-,-,-,-,-,-,-,-,-,-,-,-,-,-,-,-,-,-,-,-,-,-,23,0,0,0,0,0,0,Sin dato,Sin dato,Sin dato
Efectivos ,-,-,-,-,-,-,-,-,-,-,-,-,-,-,-,-,-,-,-,-,-,-,-,23,0,0,0,0,0,0,Sin dato,Sin dato,Sin dato
SDC ,-,-,-,-,-,-,-,-,-,-,-,-,-,-,-,-,-,-,-,-,-,-,-,2,0,0,0,0,0,0,Sin dato,Sin dato,Sin dato
PDM ,-,-,-,-,-,-,-,-,-,-,-,-,-,-,-,-,-,-,-,-,-,-,-,6,0,0,0,0,0,0,Sin dato,Sin dato,Sin dato
Citas Programadas,-,-,-,-,-,-,-,-,-,-,-,-,-,-,-,-,-,-,-,-,-,-,-,15,0,0,0,0,0,0,Sin dato,Sin dato,Sin dato
Citas Efectivas ,-,-,-,-,-,-,-,-,-,-,-,-,-,-,-,-,-,-,-,-,-,-,-,15,0,0,0,0,0,0,Sin dato,Sin dato,Sin dato
Ventas ,-,-,-,-,-,-,-,-,-,-,-,-,-,-,-,-,-,-,-,-,-,-,-,10,0,0,0,0,0,0,Sin dato,Sin dato,Sin dato
Conversion ,-,-,-,-,-,-,-,-,-,-,-,-,-,-,-,-,-,-,-,-,-,-,-,0.43478260869565216,0,0,0,0,0,0,Sin dato,Sin dato,Sin dato
Aporte ,-,-,-,-,-,-,-,-,-,-,-,-,-,-,-,-,-,-,-,-,-,-,-,0.29411764705882354,0,0,0,0,0,0,Sin dato,Sin dato,Sin dato
Sin dato,0,0,Promedio  conversion Historico ,0,Promedio Aporte Historico,0,0,0,0,0,0,0,0,0,0,0,0,0,0,0,0,0,0,0,0,0,0,0,0,0,Sin dato,Sin dato,Sin dato
Sin dato,0,0,0,0,0,0,0,0,0,0,75.5,22.444444444444443,51.75,40.916666666666664,149.8,40.111111111111114,48,77.66666666666667,91.88888888888889,45.06666666666667,68.8,39.57142857142857,113.5,153.66666666666666,48.84615384615385,89.0909090909091,104.25,74.11111111111111,106.85714285714286,0,Sin dato,Sin dato,Sin dato
Aporte Otros,0,0.5833333333333334,-0.4285714285714286,0.875,0.6923076923076923,-1.3333333333333335,0.4285714285714286,0.2941176470588235,0.6470588235294118,0.17391304347826086,-0.13636363636363624,0.28125,0.3846153846153846,-0.19999999999999996,0.1333333333333333,0.1333333333333333,-0.02941176470588247,0.25,0.38888888888888895,-0.37037037037037046,0.13157894736842102,0.15000000000000002,0.23529411764705888,0.47058823529411764,0.3157894736842105,0.1333333333333333,0.41463414634146345,0.3902439024390244,0.19999999999999996,0,* Cartera /  Casa / Eventos / Prospecciòn / Estrategicas,Sin dato,Sin dato
