,Indicador,Total 2024,Total 2025,Total 2026,"Enero, 24","Febrero, 24","Marzo, 24","Abril, 24","Mayo, 24","Junio, 24","Julio, 24","Agosto, 24","Septiembre, 24","Octubre, 24","Noviembre, 24","Diciembre, 25","Enero, 25","Febrero, 25","Marzo, 25","Abril, 25","Mayo, 25","Junio, 25","Julio, 25","Agosto, 25","Septiembre, 25","Octubre, 25","Noviembre, 25","Diciembre, 25.1","Enero, 26","Febrero, 26","Marzo, 26","Abril, 26","Mayo,26","Junio, 26","Julio,26"
0,Generadas,519,1178,450,0.1,0.2,0.6,1.1,0.9,1.3,2.1,1.3,3.2,5.5,5.4,7.1,5.9,5.0,6.4,4.3,6.6,8.0,8.5,8.2,10.9,12.5,9.9,8.9,9.4,7.1,7.6,6.4,8.0,7.2,2.2
1,Aprobadas,215,451,201,1.0,2.0,7.0,14.0,8.0,13.0,30.0,19.0,26.0,31.0,25.0,39.0,30.0,27.0,31.0,35.0,40.0,46.0,41.0,27.0,43.0,51.0,49.0,31.0,37.0,37.0,41.0,42.0,44.0,35.0,12.0
2,Condicionadas,100,287,102,0.0,0.0,1.0,0.0,4.0,0.0,3.0,0.0,1.0,32.0,26.0,33.0,25.0,18.0,27.0,6.0,7.0,25.0,22.0,22.0,32.0,22.0,32.0,49.0,34.0,21.0,14.0,16.0,17.0,10.0,9.0
3,Rechazadas,163,392,137,0.1,4.0,4.0,9.0,14.0,22.0,17.0,13.0,13.0,12.0,25.0,26.0,26.0,21.0,30.0,16.0,25.0,22.0,33.0,44.0,49.0,62.0,36.0,28.0,36.0,25.0,30.0,16.0,30.0,33.0,9.0
4,Formalizadas,105,234,91,1.0,1.0,5.0,11.0,3.0,6.0,17.0,9.0,7.0,14.0,14.0,17.0,19.0,12.0,20.0,17.0,19.0,25.0,21.0,13.0,25.0,25.0,24.0,14.0,21.0,17.0,18.0,16.0,19.0,13.0,4.0
5,% de Aprobación,0.4142581888246628,0.3828522920203735,0.44666666666666666,0.2,0.3333333333333333,0.6363636363636364,0.6086956521739131,0.3076923076923077,0.3023255813953488,0.5454545454545454,0.5277777777777778,0.4642857142857143,0.3924050632911392,0.3289473684210526,0.3786407766990291,0.3614457831325301,0.3552631578947368,0.3369565217391304,0.5932203389830508,0.5263157894736842,0.4742268041237113,0.3942307692307692,0.2727272727272727,0.3385826771653543,0.375,0.4152542372881356,0.2792792792792792,0.3274336283185841,0.4457831325301205,0.4823529411764706,0.5675675675675675,0.4631578947368421,0.4268292682926829,0.375
6,% de Formalizacion ,0.4883720930232558,0.5188470066518847,0.4527363184079602,1.0,0.5,0.7142857142857143,0.7857142857142857,0.375,0.4615384615384615,0.5666666666666667,0.4736842105263157,0.2692307692307692,0.4516129032258064,0.56,0.4358974358974359,0.6333333333333333,0.4444444444444444,0.6451612903225806,0.4857142857142857,0.475,0.5434782608695652,0.5121951219512195,0.4814814814814814,0.5813953488372093,0.4901960784313725,0.4897959183673469,0.4516129032258064,0.5675675675675675,0.4594594594594595,0.4390243902439024,0.3809523809523809,0.4318181818181818,0.3714285714285714,0.3333333333333333
7,N.º de solicitudes ingresadas por financiera,0,0,0,0.0,0.0,0.0,0.0,0.0,0.0,0.0,0.0,0.0,0.0,0.0,0.0,0.0,0.0,0.0,0.0,0.0,0.0,0.0,0.0,0.0,0.0,0.0,0.0,0.0,0.0,0.0,0.0,0.0,0.0,0.0
8,Financiera,TOTAL ,% PARTICIPACION,-,0.0,0.0,0.0,0.0,0.0,0.0,0.0,0.0,3.2,5.5,5.4,7.1,5.9,5.0,6.4,4.3,6.6,8.0,8.5,8.2,10.9,12.5,9.9,8.9,9.4,7.1,7.6,6.4,8.0,7.2,2.2
9,ABC,1,0.0005184033177812338,0,0.0,0.0,0.0,0.0,0.0,0.0,0.0,0.0,0.0,0.0,0.0,0.0,0.0,0.0,0.0,0.0,0.0,1.0,0.0,0.0,0.0,0.0,0.0,0.0,0.0,0.0,0.0,0.0,0.0,0.0,0.0
10,Afirme,121,0.06272680145152928,0,0.0,0.0,0.0,0.0,0.0,0.0,0.0,0.0,18.0,23.0,37.0,42.0,0.0,0.0,0.0,0.0,0.0,0.0,1.0,0.0,0.0,0.0,0.0,0.0,0.0,0.0,0.0,0.0,0.0,0.0,0.0
11,Banorte,790,0.4095386210471747,0,0.0,0.0,0.0,0.0,0.0,0.0,0.0,0.0,1.0,1.0,2.0,4.0,31.0,41.0,31.0,16.0,44.0,47.0,58.0,48.0,62.0,74.0,50.0,69.0,53.0,33.0,33.0,33.0,34.0,15.0,10.0
12,BBVA,202,0.10471747019180923,0,0.0,0.0,0.0,0.0,0.0,0.0,0.0,0.0,12.0,25.0,10.0,14.0,4.0,7.0,3.0,3.0,9.0,3.0,6.0,2.0,6.0,10.0,16.0,6.0,7.0,10.0,12.0,7.0,11.0,16.0,3.0
13,Ensueño,144,0.07465007776049767,0,0.0,0.0,0.0,0.0,0.0,0.0,0.0,0.0,0.0,0.0,0.0,0.0,13.0,7.0,7.0,1.0,4.0,6.0,3.0,9.0,11.0,3.0,18.0,22.0,9.0,4.0,3.0,1.0,8.0,8.0,7.0
14,FinanMadrid,2,0.0010368066355624676,0,0.0,0.0,0.0,0.0,0.0,0.0,0.0,0.0,0.0,1.0,0.0,0.0,0.0,1.0,0.0,0.0,0.0,0.0,0.0,0.0,0.0,0.0,0.0,0.0,0.0,0.0,0.0,0.0,0.0,0.0,0.0
15,INBURSA,0,0,0,0.0,0.0,0.0,0.0,0.0,0.0,0.0,0.0,0.0,0.0,0.0,0.0,0.0,0.0,0.0,0.0,0.0,0.0,0.0,0.0,0.0,0.0,0.0,0.0,0.0,0.0,0.0,0.0,0.0,0.0,0.0
16,MSTART,156,0.08087091757387248,0,0.0,0.0,0.0,0.0,0.0,0.0,0.0,0.0,0.0,0.0,0.0,0.0,0.0,4.0,9.0,10.0,8.0,10.0,10.0,6.0,14.0,11.0,15.0,3.0,12.0,12.0,9.0,5.0,11.0,6.0,1.0
17,Nexu,135,0.06998444790046657,0,0.0,0.0,0.0,0.0,0.0,0.0,0.0,0.0,19.0,31.0,27.0,42.0,0.0,0.0,0.0,0.0,0.0,0.0,4.0,1.0,5.0,4.0,1.0,0.0,1.0,0.0,0.0,0.0,0.0,0.0,0.0
18,Santander,442,0.22913426645930535,0,0.0,0.0,0.0,0.0,0.0,0.0,0.0,0.0,1.0,0.0,0.0,1.0,35.0,13.0,40.0,29.0,9.0,30.0,22.0,31.0,27.0,32.0,16.0,11.0,26.0,18.0,25.0,21.0,18.0,30.0,7.0
19,Scotiabank,41,0.021254536029030584,0,0.0,0.0,0.0,0.0,0.0,0.0,0.0,0.0,0.0,0.0,0.0,0.0,0.0,3.0,0.0,0.0,2.0,0.0,0.0,2.0,2.0,2.0,2.0,0.0,3.0,2.0,1.0,3.0,9.0,6.0,4.0
20,Sumafin,7,0.0036288232244686366,0,0.0,0.0,0.0,0.0,0.0,0.0,0.0,0.0,0.0,0.0,0.0,0.0,0.0,0.0,0.0,0.0,0.0,0.0,0.0,0.0,0.0,0.0,0.0,0.0,2.0,4.0,1.0,0.0,0.0,0.0,0.0
21,Bajio ,1,0.0005184033177812338,0,0.0,0.0,0.0,0.0,0.0,0.0,0.0,0.0,0.0,0.0,0.0,0.0,0.0,0.0,0.0,0.0,0.0,0.0,0.0,0.0,0.0,0.0,0.0,0.0,0.0,0.0,1.0,0.0,0.0,0.0,0.0
22,Kuna,9,0.004665629860031105,0,0.0,0.0,0.0,0.0,0.0,0.0,0.0,0.0,0.0,0.0,0.0,0.0,0.0,0.0,0.0,0.0,0.0,0.0,0.0,0.0,0.0,0.0,0.0,0.0,0.0,0.0,0.0,4.0,4.0,1.0,0.0
23,Motivos de SDC No autorizadas,0,0,0,0.0,0.0,0.0,0.0,0.0,0.0,0.0,0.0,0.0,0.0,0.0,0.0,0.0,0.0,0.0,0.0,0.0,0.0,0.0,0.0,0.0,0.0,0.0,0.0,0.0,0.0,0.0,0.0,0.0,0.0,0.0
24,Mal Buro,311,0,0,0.0,0.0,0.0,0.0,0.0,0.0,0.0,0.0,0.0,0.0,0.0,0.0,0.0,0.0,0.0,0.0,22.0,17.0,27.0,31.0,40.0,54.0,26.0,27.0,33.0,19.0,15.0,12.0,12.0,22.0,0.0
25,Score bajo,66,0,0,0.0,0.0,0.0,0.0,0.0,0.0,0.0,0.0,0.0,0.0,0.0,0.0,0.0,0.0,0.0,0.0,3.0,3.0,5.0,12.0,8.0,6.0,4.0,7.0,5.0,3.0,10.0,4.0,10.0,4.0,0.0
26,Capacidad de pago ,17,0,0,0.0,0.0,0.0,0.0,0.0,0.0,0.0,0.0,0.0,0.0,0.0,0.0,0.0,0.0,0.0,0.0,0.0,2.0,0.0,0.0,1.0,5.0,4.0,0.0,0.0,2.0,3.0,0.0,6.0,6.0,0.0
27,Otros,7,0,0,0.0,0.0,0.0,0.0,0.0,0.0,0.0,0.0,0.0,0.0,0.0,0.0,0.0,0.0,0.0,0.0,0.0,1.0,1.0,0.0,0.0,0.0,2.0,0.0,0.0,1.0,2.0,0.0,1.0,1.0,0.0
28,Motivos de SDC No formaliadas,0,0,0,0.0,0.0,0.0,0.0,0.0,0.0,0.0,0.0,0.0,0.0,0.0,0.0,0.0,0.0,0.0,0.0,0.0,0.0,0.0,0.0,0.0,0.0,0.0,0.0,0.0,0.0,0.0,0.0,0.0,0.0,0.0
29,Compra en otro lado,44,0,0,0.0,0.0,0.0,0.0,0.0,0.0,0.0,0.0,0.0,0.0,0.0,0.0,0.0,0.0,0.0,0.0,4.0,5.0,3.0,5.0,5.0,10.0,6.0,0.0,4.0,1.0,1.0,2.0,2.0,2.0,0.0
30,Falta importe para enganche,6,0,0,0.0,0.0,0.0,0.0,0.0,0.0,0.0,0.0,0.0,0.0,0.0,0.0,0.0,0.0,0.0,0.0,0.0,0.0,0.0,0.0,1.0,2.0,2.0,1.0,0.0,0.0,0.0,3.0,1.0,2.0,0.0
31,Espera comprar en futuro,41,0,0,0.0,0.0,0.0,0.0,0.0,0.0,0.0,0.0,0.0,0.0,0.0,0.0,0.0,0.0,0.0,0.0,4.0,1.0,1.0,0.0,1.0,8.0,4.0,3.0,9.0,6.0,4.0,10.0,1.0,7.0,0.0
32,Otros,41,0,0,0.0,0.0,0.0,0.0,0.0,0.0,0.0,0.0,0.0,0.0,0.0,0.0,0.0,0.0,0.0,0.0,3.0,4.0,6.0,0.0,4.0,5.0,0.0,3.0,0.0,5.0,11.0,3.0,9.0,5.0,0.0
